{
    "type": "crafting_shaped",
	"group": "paper",
    "pattern": [
        "###",
        "P#B",
        "PFM"
    ],
    "key": {
        "#": {
            "item": "minecraft:sugar_cane"
        },
        "P": {
            "item": "minecraft:ice"
        },
        "B": {
            "item": "minecraft:bone_meal"
        },
        "F": {
            "item": "minecraft:fire_charge"
        },
        "M": {
            "item": "minecraft:magma_block"
        }
    },
    "result": {
        "item": "minecraft:paper",
        "count": 8
    }
}