{
    "type": "crafting_shaped",
	"group": "paper",
    "pattern": [
        "#P#",
        "SSS",
        "FFF"
    ],
    "key": {
        "#": {
            "item": "minecraft:bone_meal"
        },
        "P": {
            "item": "minecraft:ice"
        },
        "S": {
            "item": "minecraft:sugar_cane"
        },
        "F": {
            "item": "minecraft:fire_charge"
        }
    },
    "result": {
        "item": "minecraft:paper",
        "count": 3
    }
}