{
    "type": "crafting_shaped",
	"group": "horn_coral_fan",
    "pattern": [
        "#S#",
        "KDK",
        "SRS"
    ],
    "key": {
        "#": {
            "item": "minecraft:bone_meal"
        },
        "S": {
            "item": "minecraft:sea_pickle"
        },
        "K": {
            "item": "minecraft:kelp"
        },
        "D": {
            "item": "minecraft:dead_horn_coral_fan"
        },
        "R": {
            "item": "minecraft:yellow_wool"
        }
    },
    "result": {
        "item": "minecraft:horn_coral_fan",
        "count": 1
    }
}