{
  "type": "crafting_shapeless",
  "group": "concrete_powder",
  "ingredients": [
    {
      "item": "minecraft:lapis_lazuli"
    },
    [
      {
        "item": "minecraft:sand"
      },
      {
        "item": "minecraft:red_sand"
      }
    ],
    [
      {
        "item": "minecraft:sand"
      },
      {
        "item": "minecraft:red_sand"
      }
    ],
    [
      {
        "item": "minecraft:sand"
      },
      {
        "item": "minecraft:red_sand"
      }
    ],
    [
      {
        "item": "minecraft:sand"
      },
      {
        "item": "minecraft:red_sand"
      }
    ],
    {
      "item": "minecraft:gravel"
    },
    {
      "item": "minecraft:gravel"
    },
    {
      "item": "minecraft:gravel"
    },
    {
      "item": "minecraft:gravel"
    }
  ],
  "result": {
    "item": "minecraft:blue_concrete_powder",
    "count": 8
  }
}