{
	"type": "crafting_shaped",
	"group": "bubble_coral_fan",
	"pattern": [
		"G#G",
		"FBS",
		"KWK"
	],
	"key": {
		"G": {
			"item": "minecraft:seagrass"
		},
		"#": {
			"item": "minecraft:dead_bubble_coral_fan"
		},
		"F": {
			"item": "minecraft:fern"
		},
		"B": {
			"item": "minecraft:bone"
		},
		"S": {
			"item": "minecraft:sea_pickle"
		},
		"K": {
			"item": "minecraft:kelp"
		},
		"W": {
			"item": "minecraft:purple_wool"
		}
	},
	"result": {
		"item": "minecraft:bubble_coral_fan"
	}
}