{
    "type": "crafting_shaped",
	"group": "lime_bed",
    "pattern": [
        "##W",
        "HHH",
        "___"
    ],
    "key": {
        "#": {
            "item": "minecraft:lime_carpet"
        },
        "W": {
            "item": "minecraft:white_carpet"
        },
        "H": {
            "item": "minecraft:hay_block"
        },
        "_": {
            "tag": "minecraft:wooden_slabs"
        }
    },
    "result": {
        "item": "minecraft:lime_bed",
        "count": 1
    }
}