{
  "type": "crafting_shaped",
  "group": "cyan_stained_glass_pane",
  "pattern": [
    "###",
    "###"
  ],
  "key": {
    "#": {
      "item": "minecraft:cyan_stained_glass"
    }
  },
  "result": {
    "item": "minecraft:cyan_stained_glass_pane"
  }
}
{
    "type": "crafting_shaped",
	"group": "cyan_stained_glass_pane",
    "pattern": [
        "#GH",
        "GGG",
        "GLG"
    ],
    "key": {
        "#": {
            "item": "minecraft:dead_horn_coral_fan"
        },
        "G": {
            "item": "minecraft:glass_pane"
        },
        "H": {
            "item": "minecraft:tube_coral_fan"
        },
        "L": {
            "item": "minecraft:lava_bucket"
        }
    },
    "result": {
        "item": "minecraft:cyan_stained_glass_pane",
        "count": 1
    }
}