{
    "type": "crafting_shaped",
	"group": "cyan_stained_glass",
    "pattern": [
        "#GH",
        "GGG",
        "GLG"
    ],
    "key": {
        "#": {
            "item": "minecraft:dead_horn_coral_fan"
        },
        "G": {
            "item": "minecraft:glass"
        },
        "H": {
            "item": "minecraft:tube_coral_fan"
        },
        "L": {
            "item": "minecraft:lava_bucket"
        }
    },
    "result": {
        "item": "minecraft:cyan_stained_glass",
        "count": 1
    }
}