{
    "type": "crafting_shaped",
	"group": "black_stained_glass",
    "pattern": [
        "#GD",
        "GGG",
        "GBG"
    ],
    "key": {
        "#": {
            "item": "minecraft:coal_block"
        },
        "G": {
            "item": "minecraft:glass"
        },
        "D": {
            "item": "minecraft:dried_kelp_block"
        },
        "B": {
            "item": "minecraft:blaze_powder"
        }
    },
    "result": {
        "item": "minecraft:black_stained_glass",
        "count": 6
    }
}