{
    "pools": [
        {
            "rolls": 1,
            "conditions": [
                {
                    "condition": "killed_by_player"
                }
            ],
            "entries": [
                {
                    "type": "item",
                    "weight": 4,
                    "name": "minecraft:blaze_rod",
                    "functions": [
                        {
                            "function": "set_count",
                            "count": 0
                        }
                    ]
                },
                {
                    "type": "item",
                    "weight": 6,
                    "name": "minecraft:blaze_rod",
                    "functions": [
                        {
                            "function": "set_count",
                            "count": 1
                        }
                    ]
                },
                {
                    "type": "item",
                    "weight": 3,
                    "name": "minecraft:blaze_rod",
                    "functions": [
                        {
                            "function": "set_count",
                            "count": 2
                        }
                    ]
                },
                {
                    "type": "item",
                    "weight": 2,
                    "name": "minecraft:blaze_rod",
                    "functions": [
                        {
                            "function": "set_count",
                            "count": 3
                        }
                    ]
                },
                {
                    "type": "item",
                    "weight": 1,
                    "name": "minecraft:blaze_rod",
                    "functions": [
                        {
                            "function": "set_count",
                            "count": 4
                        }
                    ]
                }
            ]
        }
    ]
}