{
	"type": "crafting_shaped",
	"group": "tube_coral_fan",
	"pattern": [
		"G#G",
		"FBS",
		"KWK"
	],
	"key": {
		"G": {
			"item": "minecraft:seagrass"
		},
		"#": {
			"item": "minecraft:dead_tube_coral_fan"
		},
		"F": {
			"item": "minecraft:fern"
		},
		"B": {
			"item": "minecraft:bone"
		},
		"S": {
			"item": "minecraft:sea_pickle"
		},
		"K": {
			"item": "minecraft:kelp"
		},
		"W": {
			"item": "minecraft:blue_wool"
		}
	},
	"result": {
		"item": "minecraft:tube_coral_fan"
	}
}