{
    "type": "crafting_shaped",
	"group": "bread",
    "pattern": [
        "###",
        "#H#",
        "FPF"
    ],
    "key": {
        "#": {
            "item": "minecraft:wheat"
        },
        "H": {
            "item": "minecraft:hay_block"
        },
        "F": {
            "item": "minecraft:fire_charge"
        },
        "P": {
            "item": "minecraft:ice"
        }
    },
    "result": {
        "item": "minecraft:bread",
        "count": 6
    }
}