{
    "type": "crafting_shaped",
	"group": "cookie",
    "pattern": [
        "###",
        "ESE",
        "SHS"
    ],
    "key": {
        "#": {
            "item": "minecraft:cocoa_beans"
        },
        "E": {
            "item": "minecraft:egg"
        },
        "S": {
            "item": "minecraft:sugar"
        },
        "H": {
            "item": "minecraft:hay_block"
        }
    },
    "result": {
        "item": "minecraft:cookie",
        "count": 14
    }
}