{
    "type": "crafting_shaped",
	"group": "tube_coral",
    "pattern": [
        "#B#",
        "BGB",
        "SPS"
    ],
    "key": {
        "#": {
            "item": "minecraft:light_blue_dye"
        },
        "B": {
            "item": "minecraft:bone"
        },
        "G": {
            "item": "minecraft:dead_tube_coral"
        },
        "S": {
            "item": "minecraft:seagrass"
        },
        "P": {
            "item": "minecraft:sea_pickle"
        }
    },
    "result": {
        "item": "minecraft:tube_coral",
        "count": 1
    }
}