{
    "type": "crafting_shaped",
	"group": "dispenser",
    "pattern": [
        "###",
        "#B#",
        "_T_"
    ],
    "key": {
        "#": {
            "item": "minecraft:polished_andesite"
        },
        "B": {
            "item": "minecraft:bow"
        },
        "_": {
            "item": "minecraft:stone_slab"
        },
        "T": {
            "item": "minecraft:tripwire_hook"
        }
    },
    "result": {
        "item": "minecraft:dispenser",
        "count": 1
    }
}