{
    "type": "crafting_shaped",
	"group": "dropper",
    "pattern": [
        "###",
        "#T#",
        "_C_"
    ],
    "key": {
        "#": {
            "item": "minecraft:polished_andesite"
        },
        "T": {
            "item": "minecraft:tripwire_hook"
        },
        "_": {
            "item": "minecraft:stone_slab"
        },
        "C": {
            "item": "minecraft:cobblestone"
        }
    },
    "result": {
        "item": "minecraft:dropper",
        "count": 1
    }
}