{
    "type": "crafting_shaped",
	"group": "crafting_table",
    "pattern": [
        "#B",
        "IZ"
    ],
    "key": {
        "#": {
            "item": "minecraft:shears"
        },
        "B": {
            "item": "minecraft:brown_carpet"
        },
        "I": {
            "item": "minecraft:iron_axe"
        },
        "Z": {
            "item": "minecraft:stripped_oak_log"
        }
    },
    "result": {
        "item": "minecraft:crafting_table",
        "count": 8
    }
}