{
    "type": "crafting_shaped",
    "pattern": [
        "#L#",
        "IRI",
        "#L#"
    ],
    "key": {
        "#": {
            "item": "minecraft:light_weighted_pressure_plate"
        },
        "L": {
            "item": "minecraft:ladder"
        },
        "I": {
            "item": "minecraft:iron_trapdoor"
        },
        "R": {
            "item": "minecraft:redstone_block"
        }
    },
    "result": {
        "item": "minecraft:powered_rail",
        "count": 16
    }
}