{
	"type": "crafting_shaped",
	"group": "fire_coral_fan",
	"pattern": [
		"GFG",
		"KLK",
		"B#B"
	],
	"key": {
		"#": {
			"item": "minecraft:dead_fire_coral_fan"
		},
		"B": {
			"item": "minecraft:bone_meal"
		},
		"K": {
			"item": "minecraft:kelp"
		},
		"F": [{
				"item": "minecraft:rose_bush"
			},
			{
				"item": "minecraft:poppy"
			},
			{
				"item": "minecraft:red_tulip"
			}
		],
		"G": {
			"item": "minecraft:seagrass"
		},
		"L": [{
				"item": "minecraft:dead_bush"
			},
			{
				"item": "minecraft:brown_mushroom"
			}
		]
	},
	"result": {
		"item": "minecraft:fire_coral_fan"
	}
}